Name,S02,S03,S04,S05,S06,S07,S10,S12,S13,S14,S15,S16,S17,S18,S19,S20,S21,S22,S23,S24,S25,S26,S27,S28,S29,S30,S34,S36,S37,S38,S39,S40,S41,S42,S43,S44,S45,S46,S47,S49,S50,C01,C02,C03,C04,C05,C06,C07,C09,C10,C11,C12,C13,C14,C15,C16,C17,C18,C19,C20,C22,C23,C24,C26,C27,C28,C29,C30,C31,C32,C33,C34,C36,C38,C39,C40,C41,C42,C45,C46,C48,C49,C50
Glycine,462482048,497590624,455149728,451810112,491746880,497851840,474112096,390918688,384723776,190132480,443689888,412252224,325106592,436078400,370457696,429418624,395309856,88157448,448704384,179218320,462356672,426846304,122676816,451549728,451134560,182765664,396144416,229332912,299182496,391161312,456204992,410949152,406352032,292266592,400918560,465513984,350980544,399278336,157326016,294677088,205945744,469777696,444532288,459780672,419420672,394659360,409594048,458921888,464874304,437935744,347131744,464265152,465136928,496404000,481672768,440327520,318131808,382184448,469194560,443921216,425952672,227288048,276859456,394173888,327215040,479660960,312408512,371299616,439948288,304259200,248344704,503669216,482908736,499170848,318710048,479012512,486420448,490981696,345664800,395727776,372602080,498880288,473773184
Proline,356887264,361809152,344041152,361039840,379622304,347706976,331595872,284348384,219490256,137418544,278197088,271241536,244379744,289447200,222641104,277534208,204156528,84529840,319632288,140310208,289752544,296076448,96105232,314854304,284768096,133322584,247134160,198704080,203967424,269281984,341472160,286269024,243623904,202237920,250624736,347134944,240036144,276307424,99545576,168361616,110909104,338022560,394439648,379474016,397642304,350950400,407096576,389452928,369884320,359384480,257884688,358712256,387905888,421374240,433821664,356272384,227889664,266378688,336506592,353495040,359798336,150350112,271758656,283403552,222526416,302729824,209109808,268230592,385143968,231584384,178489776,408276288,362280416,376870912,178433552,366484768,333584384,371975392,214793136,245820960,291558048,369147424,305075904
Alanine,160320640,159483312,210610224,175341568,244125424,193178816,172610336,140069248,104838000,37677784,141950608,176525328,70894888,171632928,115567744,166099696,111837608,13678178,147826560,31167334,155394848,142669056,18850636,189606688,142369696,41797872,117273536,46115444,69606568,108353352,121704200,104193672,125164320,66254348,108364208,173112256,87973328,134472240,41065508,85257744,56651928,221097920,254248608,201870080,218231504,173315648,242167424,232015552,259099520,268842144,113266696,153526528,207424032,291656224,270290912,232667888,138060336,142736096,211957664,187901648,187313008,86344808,67457720,191115520,69367224,160463264,92328416,96699728,236493552,63156412,51004892,214126848,185575520,226101984,99862728,221749648,191420496,175700272,89447736,90298208,110159952,158464080,160878976
d4-Alanine,180991616,134220208,169485696,176508800,171754112,170913760,185487920,170655952,149021472,95959640,139896384,161814672,85702032,156676064,162324032,159369984,180019952,38067276,147241584,77615720,145248416,166497520,76889304,176741920,136849248,92106720,142183904,66967092,87541880,100368544,128120856,114210064,142041184,112026120,137850816,159898896,102638720,124830584,121392240,171385536,164031296,126364856,112471552,125443520,131580784,108109720,127484360,104917800,113760720,117133872,159850144,109795328,106113736,122456024,130622840,118646960,163725376,146393824,101952976,97746952,141737872,161410352,52727188,159361824,109260288,97884264,127971760,90039464,157237680,85465512,80936112,161113136,157783264,156131920,190722688,143255600,158357408,141494416,161616464,151090448,83022080,138972656,164418016
Valine,46624860,61791716,73392792,71599408,92304928,73173600,53895864,52375032,37942508,17379536,57492348,53863092,42192492,64935372,40836612,56789896,32771344,9515048,60661320,19568596,62361788,55627456,12062720,68586656,60379864,17419720,42637628,23780322,28581642,46037104,63908608,49720940,48893792,31922230,53043992,70641784,36644420,50057712,18919658,32056394,18389038,88314400,106518312,95691168,97904736,93039928,104863760,117352440,115719920,117294976,47402072,64169112,80926144,119965800,122491296,101976504,50048748,61835716,88006336,67762952,66935432,28769238,35058988,59290160,31182662,56143788,35802244,37328160,89760768,30922536,23331602,97818840,79918520,99906344,33340448,82278472,62577160,83822928,36041744,42902092,58257228,97964696,78958088
Aspartic acid,74776264,68264512,88596256,85347408,87942112,95408096,78317296,57839968,46527940,16753518,60531080,58034232,35596444,72419984,52168184,63370444,42634388,8011843,62941688,14976794,70400392,65252192,10591141,80592592,72635256,13603830,51226768,16906238,26196452,42329944,60870964,49293632,55800408,31090734,42616608,74477632,34757572,54156144,16318328,33307894,18770970,94756512,101062416,91365656,96086976,84311184,107544432,100409056,102466536,89060992,57520048,74112560,92352792,112474504,105520840,88100776,61230400,71737096,90406840,74101424,82781072,39157052,33483118,75898768,44201976,92535408,50441148,47260124,87008752,36287352,25754408,107370944,93424648,107195000,49798808,100762640,79716152,78346784,39492604,53756764,45688792,96938952,84842288
Phenylalanine,31586006,36610500,44943552,45237532,43956304,49252124,32872808,27901708,23912388,9323180,32913348,31285626,21301298,37165372,26307390,28037434,21189752,5103149,29461234,12125397,33962440,31359324,5919911,37526640,36644012,8973607,30252564,13273075,18017980,25857608,36234940,29952132,28112798,17967604,22803432,37164888,24781506,27065554,8697942,12704482,7207519,44316984,51934328,42551084,48882044,41948912,48200560,51671260,52416792,59338852,27189306,42739596,50664864,55313656,55959688,46731448,23906502,30355736,48956172,39622728,38975408,15139959,25370858,34462552,21876518,40592132,25200778,27859628,42808868,20230826,15305726,51176600,44384620,47676148,18706896,45697600,35924288,42652340,19796066,23369092,30807052,47156104,37063804
Glutamic acid,39885624,36496812,37780208,39028220,44786188,35159624,30090080,31681728,22552244,12485274,33261648,29085216,27178128,36777928,25549368,29443084,29611823,6817176,33724836,10884261,33820620,36872788,11299296,34544472,34711508,10736816,30937684,14980176,18840188,29859990,31981934,32617690,29062600,20764472,23314294,35793588,21450628,29961994,9700813,19127116,10651696,29494666,42301940,42602372,58457272,38161556,60774300,43528000,58533240,43075136,28575444,43710240,43758912,52337984,51701684,37631120,27901556,31996428,51399308,39658004,41373692,19412100,31693914,37695124,33314946,67676024,27175736,31989548,40719404,26623704,20110030,49409672,40036664,64563800,22125690,55986976,35194908,46393372,20943610,30186498,31292534,42064976,30439130
Glutathione,2650651,2911907,2467408,2577679,2985733,2121316,1664349,911952,1458073,892597,1817738,1376392,1904933,2006833,1133586,1457767,1307804,895191,2038108,1178707,2091805,2054251,756573,2112438,2140587,968590,1464983,1642254,1251075,1935899,2300926,2202368,2029993,1225815,1422292,2242156,1229091,1653146,530343,817535,441281,7680265,8413405,5634691,6999211,2956903,5364690,4774617,5670089,4160712,4479342,5467360,4800699,6100187,5643469,2686429,1298172,2019812,4186154,3163774,3483935,1091617,2510770,2938043,1567795,3311478,1262493,1834607,9081695,3174175,2182325,5807843,3848144,5431405,1136928,3668475,3595004,4461685,1274085,1538803,1802801,3401667,1872937
Pyroglutamic acid,4346934,17996716,17800250,29718076,54372004,36965324,13715109,4471509,4190685,1632422,7383351,6012730,3435326,12241414,4583584,6906210,4037959,1364189,6735999,2458164,8775551,7027354,1511145,10112962,10762601,2160577,5391035,3163842,3757498,8767551,13372000,10609859,10631410,4090489,6122389,17092524,7262259,10584415,1925319,2630962,1572394,13226070,23164574,16207818,11932893,18273104,10037155,23907506,20204628,32181634,2671712,12594464,19673413,30043676,31287276,19217758,3632553,4504978,28593660,17211501,8021013,1813879,4253591,11507281,4119421,3569969,4453020,6565136,17844230,3237636,2297180,24661390,20527140,9616149,3051215,6994091,19050120,26957984,2858575,3577973,7354942,24740932,8001575
Quinic acid,14619971,22935074,21994074,21893174,27061966,22414744,16529288,17008438,24436770,8196775,18672392,24250514,18487472,19910248,22040536,24345300,23114698,24878082,28627144,27133620,27738776,17955300,11830461,23881950,22239118,20430356,16801610,24406080,21135690,20492036,23781580,23896308,16290635,16296158,13398098,16790644,13754591,12476458,14063240,14165645,14210649,14134909,9790650,11501637,16106644,12754477,11424877,10607429,14623725,11811686,12176394,16458557,16331680,10509794,15807759,11934037,10289857,8373355,10046380,10969273,10126860,8538133,12102056,9404966,13493050,11886014,10361459,10925945,15531958,20890258,16310096,14787613,13937553,19631382,13052282,19255980,12186005,13433473,20579918,11855566,9268396,12618175,15092640
Leucine,60428888,74603408,77632336,79378408,77497208,84980384,68977344,57891896,44609544,19670546,65339220,71249112,41209316,64767648,50746960,59360560,41810852,11841576,63411724,24974536,71828984,59781152,12939380,65345476,63855048,17538964,51967360,28219780,34234540,48610756,66320400,49462800,53977148,34439856,55461048,75255024,46260400,56612560,18965718,36945016,20689774,95259744,100500344,83822656,91727920,84185304,100172576,102342288,105533232,106686488,51180416,78679224,92169320,102098144,101913184,93923272,56451516,58990176,85095744,74490928,76263072,34531456,46378852,64111376,35785936,61293160,45081800,42992792,90026408,36563448,29262354,92462168,87884208,94037144,40303608,86256312,72185024,84648216,39412260,54415996,62342776,95766496,84005616
Isoleucine,10646662,11957480,12770719,13367144,13801766,13477690,11190913,8269629,6960811,3205363,10512004,10818589,6665309,10763253,7712745,9786474,6863303,1829026,10017202,3996148,11814425,10157833,2059971,11459248,10423004,2896352,7873505,4677414,5590259,8705248,10623797,7896408,7974453,5081967,8488385,11496410,6915712,8928046,3294684,5142897,3230650,11950527,13741914,12328820,13311780,11295834,13598837,13568279,13802897,14373856,7408652,11436642,12939610,14634679,15408462,12652703,7697744,8150744,12274203,10659355,11086040,4811360,6754746,9201379,5784201,8847429,7136615,6726991,14067773,5819853,4497626,13883587,12514337,12972858,6351704,11816997,11678763,12809255,6073454,7665969,8291710,13393415,12153541
Succinic acid,5408031,6620890,5946733,8043137,6169383,4310650,4560799,4653920,3810043,3273523,3841704,4135320,4564524,5029658,4043612,3775001,3009510,2717087,4097839,2562774,3688548,3736764,2853580,4280061,4073673,2837239,3089430,3222438,3334959,4392611,4773114,4371737,4670264,6895662,5408862,5405423,4346915,4389010,2764136,4122803,3684419,2800514,3046541,4279719,5396470,3660928,7161342,3160805,5242946,3898717,4938335,3728721,3759593,5087879,4914055,3173201,3675682,3528335,4031957,3388562,4345695,2993717,4531321,4477203,3640556,10154785,3188497,3851691,3927318,4272004,4306763,7130882,4723481,7883949,3728749,6056628,4791615,5614619,3672295,4522559,4674195,4447437,3935737
Stearic acid (C18_0),9528339,12804789,10817534,12761753,5827859,12283556,8889573,11820391,8713624,8125725,9013687,7880769,8858685,8821489,9140016,10799955,5367666,6676750,8210654,6949090,8167630,7440099,7545424,5836372,8039867,9749082,10968499,10124266,10749163,13104321,13359004,11842610,11747120,9880280,12785235,9819407,13455134,12200368,11825786,12542503,11826698,2970988,2311086,2646388,2563937,3440277,3501377,2506545,5665821,4580595,2475456,4288852,3727972,3895064,3781199,2853634,1636536,2501680,4111493,3086094,2254579,1817047,4459032,3031737,3884782,2736847,2491859,4660398,8297840,8904184,9078775,6552789,12576060,7295435,8767644,9128972,8699892,13636874,14797510,10906375,15625874,14571178,11004248
Serine,10564022,6748571,13221574,11016436,21147024,16688261,11728174,11190431,7209157,2993065,14138035,12786087,7138031,17606639,11072938,15622393,8740690,1194805,11340141,3071894,12747713,16752762,1720603,13042059,12501721,3081522,9806289,4387659,5040890,7219861,13799486,9428608,6001973,2523235,3952151,5990460,3294676,4879840,1511364,3192360,1805786,8088682,10522459,13209486,18237330,8466547,17455786,13297481,49177904,16236420,4459406,10057325,10681406,17044208,18507768,19852862,8311891,8390479,12853879,9660535,8680752,4469013,4309813,16886276,7608598,13131005,5853428,6467756,13123196,5663309,4729491,12712079,7293153,31339672,7093980,29802982,10919912,14414559,4350514,5729120,4837118,10845833,9895835
Ornithine,11857560,4331810,17354664,13147195,35200048,31134064,16348379,11167115,3751781,665305,12276574,15781479,2560855,14473889,7385247,12108140,5618889,276296,11336658,624859,14043312,13367110,419204,15200174,10850513,770941,6350015,663113,1115736,2264052,5712802,3596781,4782951,1199716,3181721,9343422,1673798,4145222,484801,2075673,484424,21907594,33039800,31984716,34148188,15487315,38433812,38142136,57431504,47951540,4005960,16600522,22976308,43166488,44245580,34402572,11801060,13609146,20667792,15280330,13405873,5770260,1810749,13758226,5143359,7564976,6029730,4303370,18702256,2222143,896617,17931736,16399968,30849812,6900040,23859460,11791956,21186124,2489595,5063676,1811643,22882398,17374650
Threonine,33632292,36702084,53040540,59185360,90703400,61687572,45381020,32140498,20043224,5901801,37472176,38784616,17825650,41916564,26040284,27301544,17988720,1392158,32340014,3480839,34623008,42710772,2164034,47915584,40901624,3037890,15614462,7044338,8732598,15928045,35877632,28213414,14761688,5108164,7763341,13442059,3519184,6356575,1044045,4048237,1375225,28211302,39843424,40329324,59018896,39222152,64048224,53717620,79830184,58329360,11816169,34868824,32906858,50406148,69896208,58734336,32079140,38203648,46700508,31614758,33677920,15845281,14928653,52485740,29978010,52186260,30022000,29595648,28664346,11433239,7720436,56292452,33646360,86641472,15699693,57532624,38068216,45314852,9961387,12226299,12666730,38462100,30321270
Lactic acid,1605037,1496574,1584708,1695293,678338,1042777,1249245,1753300,921016,860723,980992,2304195,916892,1074425,1063659,985084,925971,625746,1056812,831538,1059675,1068816,672896,979566,1078671,761540,931157,696553,893597,952858,1106551,873281,954493,821163,1043516,1054772,1321219,1202932,830229,968957,978665,2255149,1735950,2025730,1622764,1771030,1789518,2348218,2071786,2059314,2606142,2137854,2741767,2809635,2723462,2687468,2425570,2156784,2315982,2019470,2735168,2351916,1650941,2231086,2179423,973123,2478802,2051012,2463627,2074469,2469492,2902659,2103755,1347945,2139052,1440300,1924297,1980681,2057245,2099832,1856788,2032950,3072382
Tyrosine,3480572,2163632,7721712,8574032,11699700,12722421,6424694,5570660,2324108,395106,6643737,5546706,1977788,5993660,5837154,5496452,3154507,200940,4319887,540588,7621272,7014935,313240,8349477,6074042,746270,4911942,601633,1549862,2545783,5066864,3591693,229878,67302,194041,240987,113822,72464,7686,25905,3538,5094322,12778045,7692044,17880086,5723500,16260536,9635258,26762780,20160114,679235,4144633,7164778,9029385,8469431,8132569,4257275,3943503,6757294,6521090,4131275,1793073,1568131,6548117,3529703,7342881,3635715,3402045,8398730,1553267,1024703,11769236,569591,17163954,241720,13285201,538766,1244693,87281,91287,127787,999815,542366
Oxalic acid,5652936,4298996,3282110,4208653,2536053,3290590,3609178,3241362,5924715,5477834,3822664,2894403,6041423,3013189,3043244,3195434,4300154,6685006,3775300,4311761,3818605,4192786,5995282,3783197,3606845,4429972,5287860,6676624,5704817,5163622,3847427,4673022,2049720,2790616,2144451,2131458,4031686,2767716,1904520,2599898,2341452,1353289,2245746,2821383,17962200,1726143,17600266,1906198,11160320,2874766,3682411,4371157,4770013,2587878,2832570,1171593,1709428,2240792,3739326,3956097,4239420,2847462,5269202,3143678,4596025,43997336,4393068,4406209,5794286,5284636,5894894,3483791,2845114,20651636,2018769,15426396,2754239,3521884,2748392,3619503,5295063,2706983,2095566
Cysteine,189620,1073310,1629290,444761,485679,2076958,110086,719882,1405157,84712,925508,1547311,170658,347839,479062,150219,1274223,90676,1238969,725190,1188775,415837,48604,300889,780585,139191,167859,329696,283496,314135,496190,515217,311361,205189,361915,240481,104844,233019,66626,58870,31650,684882,375760,315503,507721,76742,98962,144455,802425,116862,54652,968997,1563028,461532,567958,216290,49360,60571,261776,213211,44223,35611,73492,85952,120810,114220,47688,165071,369554,837409,416475,240616,130089,218862,135265,203599,185091,256834,108342,126308,115665,140758,65842
Citraconic acid,13047178,8942215,15013868,11760369,18756726,14928785,9544417,6356741,4097595,1318003,6403519,8546065,3149584,9623606,5660889,5342370,4463991,432673,5775488,1007069,6210025,10571921,1011002,10182417,6937114,1223004,4454108,1281491,1893676,3219522,5741747,3948992,6465829,3629280,4966721,11180937,2952488,4796818,1878076,3895280,2576543,17897194,17586624,12334475,10278121,8552679,10188027,13259279,8586953,14554545,6308212,8295538,8053328,19047186,19520270,13169351,5515038,7895196,12010716,6833308,10054640,3752935,1943927,12309848,4998563,6136235,5128175,4308238,16462941,3280873,1821610,16486077,15036064,12207652,6024940,7663380,17958312,17309708,4504926,7223631,3481775,12862084,11501308
2-OxoglutaricacidMCFderivative,1962099,2061507,1811065,1745568,1882872,1773269,1313793,1890686,1525289,881579,2080486,1130202,2689272,1762821,1509028,1788422,1206095,826822,2158761,1055603,1880562,1694581,662443,1556237,1291349,1091760,1905188,1786334,1898515,2738116,2456592,1355808,2015264,1430961,2152469,1259225,1552579,2139783,632855,1125264,626311,673132,1136228,1917925,2934000,951169,2809064,1501235,3080840,1666611,708381,2657236,2654264,2489636,42158260,1002538,571828,845373,2793468,2562257,1477007,371020,3063107,1217223,2138172,5830974,1166814,2787515,1900909,2183660,1777645,2188096,1365212,3194825,826392,2672839,1322429,2690737,1432020,1749914,3095775,2552088,1391979
Palmitic acid (C16_0),5043145,10684473,7948468,9770637,4716401,9467721,6514431,7529175,5522834,4161435,5478176,5233197,4950108,4809762,6140221,5614786,3411157,3342909,5081853,3896575,5311102,4626731,2997527,3359779,4869373,3944797,6851936,4406415,5645422,5621778,8251991,6287192,6526506,4986125,6470263,4846208,6722677,6430363,4932011,6377021,5541464,920969,809639,1180760,739708,963053,1112960,778584,2306567,2145986,977199,1467733,1449411,1641652,1224311,737209,472755,840126,1823155,1556700,791565,621174,1629907,897212,1262938,1016845,921528,1487288,3167023,3716013,3868931,2270962,3148924,2430836,3247436,2474223,3495721,5004658,5046812,4241086,6232329,6093383,4775940
Myristic acid (C14_0),1067949,3224591,1958834,1996269,1595790,2236626,1380441,2489763,1375297,869583,1164225,1023221,1165836,1121879,2369200,1422553,717948,642581,1101829,725817,977700,785219,637384,1240293,1100456,752139,1079815,1035909,979914,1102253,1703911,1671857,1538948,1012439,1434579,1251665,1395454,1301250,820513,1181602,987335,292433,241025,316883,218952,335312,316662,217035,513474,627484,258817,311673,334123,439108,300239,224129,152182,241048,417791,373696,208196,186236,379866,258145,343826,295765,273258,349856,733250,734702,683374,599499,705790,532491,589565,497847,961868,1220416,1289940,919388,1073158,1333116,1082110
Pyruvic acid,869744,1469097,2138504,1619639,2327255,2289164,1742138,1592279,1250824,712698,2951468,2212313,1323075,2322806,1858982,2022954,1221694,322263,1572732,834586,1913993,2251567,491445,2225892,1985446,744616,1505323,648170,1105885,1764138,2354882,1961511,3451749,2298716,3311821,3652695,2719336,2813039,1336136,1823390,1329382,1308986,1810931,1423669,7900769,1335898,9941040,1498464,10973739,2357032,808914,1517050,1422838,1597337,2048792,1820318,975013,1195984,1895014,1618829,1277032,804784,813423,2619361,1435451,44148112,1387235,1499016,1779319,1036010,906945,2050100,2770633,22436580,1648379,21327550,3626847,3243543,2212960,2239428,3388988,4298455,3797254
Octanoic acid (C8_0),641508,1598801,698587,1388254,796151,1248204,868039,934202,1176908,897992,1217333,993024,941029,452060,400164,531829,444202,319289,384822,406109,528700,523616,338583,403489,446873,337943,439454,398617,429310,477011,465365,510002,973055,962335,1093244,1179088,1132167,974588,784924,1122991,1055295,306510,314330,359252,264707,269535,267374,235322,363853,286233,231576,311808,303815,314601,297144,274267,279064,290639,327768,329833,319912,256593,336738,288561,364817,264892,280618,296259,319593,391041,404513,379614,657439,275741,580738,232662,1166527,1205338,853420,800330,1371398,1312672,1501070
1-Aminocyclopropane-1-carboxylicacidMCFderivative,10233019,5847305,7696532,5818694,7858103,6343192,4064310,3136886,2872740,893998,3770775,4139887,2530875,4591996,2322606,2237778,2463075,215866,2815018,483851,3578246,6160616,599118,5762090,3804268,607567,1991884,844682,1089356,1722193,2855622,2014197,2449444,1649056,1869909,5048432,1363192,2228345,565604,1295666,659698,5160231,6026964,4734523,2817518,3078034,1666055,4777743,1314658,3752265,3052164,4101147,4422859,6615430,6641500,2460794,1256466,2926286,4787872,3143538,2729255,1328545,1058206,3219440,2726380,2279258,2466363,2362512,6569417,2043536,1388194,8192790,6418051,3315166,2191941,1715538,7107169,6638959,2233561,3079629,1801326,4208143,4566573
Levulinic acid,301320,275650,274288,303929,403677,270534,258079,245074,205211,139437,295038,208652,210909,260780,180854,226508,224667,140277,247584,175140,266805,265919,147238,244659,210069,182082,173206,151466,150672,224907,254829,328105,258466,297070,345844,328563,253790,298358,257254,268624,253517,369449,290373,330839,258524,268324,241379,244250,280400,329653,301668,343637,411813,410109,480420,347588,278878,239286,445717,337466,318762,203780,295534,326152,256364,280438,214792,344316,254374,296026,359522,497961,448820,349425,353559,331180,478126,517317,324219,403453,349885,449720,477332
Malonic acid,671637,586470,590855,744390,600028,515584,614666,561588,701640,525316,645124,519408,686257,527545,479658,644996,515543,468031,655876,498413,624480,636678,490695,507215,582203,527374,589234,494569,672423,682837,603130,572994,434693,513425,562685,554527,735146,592620,280967,371675,354960,348618,437119,572438,1136367,381420,1585126,385027,1466594,466534,475970,492125,647818,459237,505675,385414,360951,333526,585928,580490,467998,287142,527908,527599,439208,1597831,445448,483258,968748,651306,648267,602553,477902,1262909,402208,992105,383022,773960,349994,560488,641693,515261,378111
Adipic acid,549886,444912,513208,314945,434426,374339,452528,368985,245690,175081,512270,281540,309203,756672,305409,238419,299767,166143,334055,354389,338113,380813,215503,306401,309939,254880,281120,213634,313574,1019999,726359,667933,344681,401973,480290,536704,394907,550008,264305,561286,311509,234395,198642,231046,364094,351792,319527,216610,560449,408423,515850,342112,1283650,457193,531702,382371,268986,232288,335693,385973,244914,183624,234339,367065,226813,810319,197326,448742,380821,257747,319833,598354,518367,445852,335979,460984,380570,441541,310563,313439,276279,322602,377060
Dodecanoic acid (C12_0),497414,3401554,1215060,2737412,2287167,2430575,1795930,2574684,2229396,1486608,2572789,1887999,1476420,682256,527233,605996,611404,563969,678935,309837,833231,441288,252987,1174219,841024,296980,645680,598274,466457,837668,1058268,1902454,1092398,589916,1423668,1219071,1148877,998062,359595,742308,584954,350139,273750,648068,318742,502009,283634,272137,1256157,488215,194987,373208,793665,304970,401862,272257,194953,224610,393030,477824,220041,133710,393030,384874,282911,401234,221925,508212,765027,570117,683955,555122,745871,457158,466736,401284,1959087,1836612,669427,506702,2024779,2154902,1984683
Azelaic acid,257809,368237,415410,331099,326110,214474,271750,612564,189409,105890,493154,179241,312381,255553,203531,163500,187759,86230,164212,143418,269827,249654,158324,622591,259240,137334,244931,108571,171689,396248,1405973,1242731,273543,280688,280723,928116,233587,340282,115757,225816,113780,153188,92916,141143,305315,634203,237218,103819,245445,481055,159537,208878,346816,152054,333578,229070,84923,120783,233398,226838,105835,81676,115749,480110,93874,713287,115750,434211,441682,124986,118100,317480,437793,238538,347072,232001,611434,443835,143905,141240,122250,179642,264489
2-Oxobutyric acid,3338472,5321287,5096844,6051012,3364089,5715588,5271446,3704285,3490666,1909822,4707435,4463983,3752385,4960268,3209845,3556954,2870968,1920356,3114825,2456928,4028096,5167067,1632580,4874173,4319182,1873272,3551708,3284667,3127102,4401853,4481670,4720929,5600517,4552708,5057064,6890017,5360361,5434334,1942124,2861169,1979401,1896831,3238947,2341862,5184421,2056155,4877271,2709805,6901986,3596787,1686009,3614656,3977547,3510903,3661261,2308790,1306524,1955148,3786604,3503186,2361437,1203565,2678519,4929089,3788017,10435180,3622384,4609032,4063893,3165334,2764603,4779889,5122363,9089829,2623978,6624847,6701125,7701190,3217200,3532909,7246617,7228759,5882458
2-Methyloctadecanoic acid,1925136,1828113,1729755,1897545,1627593,1808589,1619276,1651808,1816336,1692011,1959139,1813834,1875113,2163681,1948430,2135123,2365694,1694613,2317680,1946478,2188017,2285364,1779730,2078736,2128822,2127233,2363908,2360533,2336243,2554051,2641042,2587860,2632772,2270079,2224430,2492669,2497965,2692278,2184163,2631031,2400380,597955,754365,797271,762987,471271,809273,772725,1574510,962492,571251,1054207,1287721,1801315,2538743,1794841,968683,547585,703593,495522,469031,395902,252208,392109,338712,414078,430618,472859,940840,828960,847859,843477,773115,1006814,895168,1062108,1145418,1399728,1364947,1373017,1372995,1673029,1340549
Methionine,262910,253868,355307,354543,509584,464843,192140,208266,164359,65063,310676,231649,163568,446664,152684,193653,160383,40492,288713,86853,299033,273196,49012,233412,344263,61583,190787,130609,147610,261571,337535,254205,248308,145941,219361,347109,219120,228056,70634,132386,75590,335660,290240,318712,2253724,264070,3465531,299988,3127422,365424,197052,261787,274580,307097,375522,329493,176812,211494,319189,227579,260495,71388,108902,394740,117957,2760149,159998,222220,642997,132776,117902,333549,377440,3406104,152929,2356374,342017,457813,140054,186161,243717,412503,228132
3-Hydroxybenzoic acid,469403,485087,548655,496795,669959,554584,452981,462690,255668,152802,644068,325896,617169,742450,427410,329942,336464,162581,408399,242365,648180,492005,135792,636702,738051,208695,451687,261800,373252,424329,675288,761663,442577,277251,405729,593558,634359,606779,112698,235563,118056,396427,369058,441468,756155,312342,724314,517260,951135,750880,450871,558123,703926,738756,785820,575567,324461,265280,671995,635681,396856,168169,438196,987630,282181,1269014,340135,406394,931687,358680,394040,1011650,400004,966195,357056,821137,761128,971711,237506,318019,405466,428614,482219
DecanoicacidMCFderivative,198677,558211,168250,317812,138115,246190,97348,119255,284733,230896,366320,272645,244251,144155,114700,163981,108856,107156,109100,118604,113222,64850,54267,77201,92923,87468,102345,80688,117342,177029,149788,205239,275229,2093206,350116,340086,303190,266444,160394,245710,213444,63426,66679,87891,57823,51145,38731,52982,117092,91054,122232,79941,186485,85608,92429,76580,85074,56764,99428,100081,57756,32280,65036,48123,55222,51155,57315,89836,114466,109525,129132,126845,179771,95205,150370,127912,304333,347015,200090,191365,468263,472382,361547
Glutaric acid,78920,147050,120953,129593,131077,151034,111986,81461,86274,118999,146327,105496,207161,101217,74718,149185,161761,113110,235793,167149,161363,83769,53162,113739,132526,59379,92418,266546,231185,235012,76941,144544,131055,129074,209689,172893,172129,230364,72496,109316,60160,86919,116629,103763,252217,91133,215807,102850,329015,142746,62418,121916,116867,128693,143261,87956,53114,60766,119976,97566,78526,49737,111577,112475,154981,235350,69531,103708,134461,186218,193866,149490,174211,243882,74858,166228,204848,272603,99279,85042,178776,171455,195878
Lysine,681024,259029,1284447,1003226,2813125,2813341,1245552,758849,199860,37654,731846,1282614,160142,1022005,504574,958733,293844,36601,755210,42138,1009186,1060120,38122,978610,749649,46999,363090,77872,66925,153645,433110,229715,350621,97326,260822,631462,114291,246027,51095,84874,44537,2092395,2851890,2738744,3141626,1753060,3356865,3965692,8722037,4900263,165590,609622,1099034,4064103,3950233,5464288,1493260,1160741,1444602,1019044,954440,356404,117857,1211628,263347,482100,314500,257575,1112666,105987,54364,1680575,1295112,2675727,510653,2079461,842404,1610691,54720,210405,91950,1544434,969731
Margaric acid (C17_0),395760,775407,530860,497783,330253,631721,286744,444365,250992,170571,280123,307198,296044,405793,439959,409501,191019,193942,402157,325569,265000,299458,180639,187248,321927,226288,693029,286502,388539,347451,641082,313275,369102,285353,311278,317380,382589,439263,255429,343609,252584,84744,75102,96460,73825,121826,87678,91557,171382,187670,76259,109049,160856,187974,161480,113319,57592,73903,207555,152818,66881,46645,118839,141163,78943,103878,345714,203016,188746,209078,214100,265146,212748,183123,171054,164404,186787,237393,306168,265799,324412,409621,247770
Citric acid,730561,2160629,2587004,1208095,3076818,539924,282241,12448122,522182,271666,1046046,700818,1474412,3298382,1811588,472686,1398826,736639,2159484,883267,1913016,458869,522061,1005088,1099857,487064,456090,485759,862429,1547778,1836939,1338924,1392168,1107347,96878536,12006443,3959509,821867,362271,750617,331474,374696,829195,1340533,2190518,1707130,1478282,886748,5168096,492465,570560,434980,765780,620659,1757701,1079668,596491,1261969,1247786,233204,830993,167308,762194,635144,331496,3975783,375468,1443712,771750,1328787,450063,2378164,672525,1498269,681767,234909,328399,100850896,663125,347629,669247,472624,312015
Citramalic acid,308823,412070,399345,427910,559834,317923,310586,274722,276103,223238,355464,247793,403057,378032,242436,307454,226223,180619,364741,167152,341831,262438,128894,324512,437942,159194,212536,274452,234501,415093,406586,321186,295505,262550,375124,402237,320603,426334,153318,229092,144371,229917,473561,386278,705401,312354,593525,377303,660903,439110,194615,489708,602322,475932,546923,343135,219761,230859,490306,422738,268085,107221,565416,391893,312382,1199855,175636,385702,440513,344568,349722,535657,379030,836554,224712,557664,439161,486322,206956,243577,424566,460277,297715
NADP_NADPH,157076,34386,43407,38805,39565,45008,31328,57626,133257,663753,521103,259222,1138512,537292,325256,298362,192218,424261,449410,433617,272057,80253,391984,55681,54475,82941,44404,16425,13516,12481,11740,15847,29809,45556,28121,26760,31376,29009,15763,19015,32407,17322,27637,18558,23069,13222,11605,19527,12983,28547,13445,21406,30883,50279,50325,34955,16612,21301,16982,8517,7778,7594,7913,12641,12846,6355,20390,9240,11777,9632,10168,24731,37024,25179,17949,40618,36060,28442,21739,20743,52977,47482,18701
Nicotinamide,2997041,2851778,2754575,2806151,3105557,2675530,2708157,2737573,3088452,2691689,2926928,2674985,2858626,2954202,3009401,2870152,3121012,3174464,2904158,3063646,2992022,3081894,2860071,3213517,2734499,2988331,2944556,3243013,3206441,3185228,3099153,3007790,3203512,3158459,3241319,3024676,3277644,3200818,3206437,3583512,3280880,790999,602120,618207,598839,563250,579901,596501,665378,715307,841282,758792,673002,694672,749697,626369,710049,690451,710377,734081,673572,724267,676284,645165,687283,844218,641247,642651,1869543,1953782,1891664,2144863,2027663,1924412,2085791,1772994,2002701,2591008,2639308,2380400,2242290,2329741,2573469
Pimelic acid,156479,113201,158841,112865,170736,105090,136971,140709,87749,74093,202816,102686,120889,126014,89536,95479,100697,64264,90738,96858,135643,129339,63987,148311,92438,90670,103004,81496,116868,110418,144657,250813,121414,124933,173457,198077,146300,154946,81132,107820,86484,102058,98593,102829,127470,189065,93677,94834,152339,185572,96838,126447,161499,131129,155888,107784,71051,74479,134565,130865,79122,56924,87991,136911,79776,180760,68933,130168,141850,99158,108580,192698,154607,157484,107580,139341,186395,191944,92206,106515,114228,120779,132639
Heptadecane,3006097,3149048,2535947,2416527,3231013,2477012,2441564,2545565,2672170,2402200,2443854,2995690,2941414,2854197,2746133,3068392,2651634,3180413,2778087,2945220,2732094,2830122,2502022,2906230,2518787,2703619,2801493,3059852,2938708,3117849,3096502,2966445,3041274,2933233,2720392,3355444,3000361,2804466,2740849,3057668,2767439,802304,346082,463374,438629,479090,428180,514880,384233,737632,846569,729135,631913,616014,665426,538324,546678,537244,573024,546670,499392,449799,437743,477198,484247,687969,497425,464350,2114816,1963464,1982040,2099323,2030963,2169690,1932240,1981659,2139515,2025647,2411827,2142130,2053777,2256674,2143518
