Name,S02,S03,S04,S05,S06,S07,S10,S12,S13,S14,S15,S16,S17,S18,S19,S20,S21,S22,S23,S24,S25,S26,S27,S28,S29,S30,S34,S36,S37,S38,S39,S40,S41,S42,S43,S44,S45,S46,S47,S49,S50,C01,C02,C03,C04,C05,C06,C07,C09,C10,C11,C12,C13,C14,C15,C16,C17,C18,C19,C20,C22,C23,C24,C26,C27,C28,C29,C30,C31,C32,C33,C34,C36,C38,C39,C40,C41,C42,C45,C46,C48,C49,C50
Aspartic acid,114.763241,101.7201702,108.9033102,87.91465664,102.4046656,107.3506941,105.5557904,102.7052548,91.83031178,83.13772034,86.53701871,79.69917586,92.30027228,94.33214107,103.6719347,99.40774669,94.73258386,100.2216007,101.779102,62.24543006,98.91623836,79.98181521,76.52517211,108.5691068,98.2904439,67.13472254,83.78727497,57.37634267,66.4988435,84.34902473,93.15800339,78.47363211,78.56933662,79.2946043,81.35531706,86.25546779,70.5499916,94.31242253,79.07438293,77.73793466,76.29019769,141.4838566,160.4571083,169.3816227,192.1712696,222.8190926,196.1835399,180.5709318,183.8203728,143.4594492,179.9186618,156.9782557,170.6507684,183.6977885,171.8783832,176.7965672,178.0868308,181.4919106,170.5289188,151.6188945,243.3514265,161.7287925,162.8270954,91.58979583,118.9872498,181.7990966,98.53960749,119.2914395,102.4737318,124.877864,109.7264265,121.1694484,120.8382576,134.6209504,130.5529209,130.25493,104.8737276,108.5704648,122.180015,118.5973142,103.8341462,131.611274,125.8575032
Phenylalanine,48.47677892,54.55288819,55.24501607,46.59827622,51.18515474,55.41720168,44.305861,49.54449541,47.19491225,46.26538328,47.05389383,42.96496262,55.23348359,48.41052042,52.27971936,43.98167286,47.08311888,63.8362186,47.63993522,50.39466731,47.71900717,38.43818239,42.77369248,50.55345266,49.58688665,44.28463279,49.48155032,45.04612436,45.73805767,51.52532252,55.45459512,47.68268217,39.58400966,45.82503744,43.53186533,43.04211498,50.3008392,47.13441128,42.14796984,29.65123498,29.29326771,66.17104913,82.45629208,78.88491116,97.76272339,110.8633287,87.92790393,92.92316785,94.0333754,95.58302496,85.04623555,90.52699337,93.61923756,90.34044091,91.15034243,93.77851095,69.53136312,76.79876704,92.34304707,81.07204816,114.5759641,62.53196201,123.3774918,41.58721129,58.88937434,79.74907214,49.23113115,70.32176065,50.41773796,69.62156783,65.20990966,57.75343088,57.40840622,59.87413921,49.04213598,59.0728636,47.26161385,59.10624714,61.2439646,51.55651755,70.01331839,64.02250895,54.98151854
Leucine,92.74353472,111.1656868,95.42636172,81.76610921,90.2420409,95.61770532,92.96743421,102.7974623,88.04405125,97.61319099,93.41087758,97.84734477,106.8542433,84.36443327,100.847588,93.1175346,92.9027067,148.128427,102.539168,103.7972969,100.923485,73.27577673,93.49212531,88.02918214,86.40901621,86.55455719,84.99859842,95.77220949,86.9032691,96.86452361,101.4979169,78.74294128,76.00210936,87.83629083,105.875417,87.15579597,93.89812474,98.59024821,91.90294788,86.22668368,84.08872577,142.2352478,159.5647049,155.3977514,183.4532793,222.4864147,182.7357325,184.0475654,189.321888,171.8505988,160.0887391,166.6509339,170.3117463,166.7507088,166.0020267,188.4808832,164.1875862,149.2427258,160.5109218,152.4158585,224.190469,142.62388,225.5385463,77.36552243,96.33212109,120.4192142,88.06982103,108.5200717,106.0277475,125.8280099,124.6719993,104.3447089,113.6720854,118.0966434,105.6602348,111.5027344,94.96585513,117.3027875,121.9314512,120.0517013,141.6826454,130.0194636,124.6163598
Alanine,246.0528951,237.6442629,258.883971,180.6158395,284.2731637,217.359751,232.6436352,248.7181148,206.9145169,186.9723761,202.9367793,242.42456,183.8278415,223.5640038,229.6635745,260.5567432,248.5004729,171.1028153,239.0411665,129.5353404,218.3379011,174.8742797,136.203282,255.4258182,192.655487,206.2719498,191.8143656,156.5064633,176.6940146,215.910977,186.2582672,165.8724576,176.2366611,168.9767861,206.8678131,200.4880958,178.5659122,234.1821589,198.9927954,198.9846891,230.2484521,330.128091,403.6712959,374.244363,436.4569158,458.0416689,441.7640374,417.2458748,464.8129254,433.0509353,354.2902533,325.1854553,383.2809998,476.3444288,440.2653064,466.9071689,401.5444566,361.1164686,399.8028388,384.465488,550.6438439,356.6264779,328.0442583,230.6260288,186.7295527,315.2531238,180.3687314,244.0842041,278.5280362,217.3439889,217.3058893,241.6448165,240.0289748,283.9504078,261.8008614,286.6537129,251.8307827,243.4798114,276.7284155,199.2144643,250.3538409,215.1422005,238.6525248
Valine,71.55773448,92.07513074,90.21507632,73.75311702,107.4849701,82.33302078,72.64066576,93.00127908,74.88559217,86.2442744,82.19275775,73.97089431,109.4035826,84.58290562,81.15311382,89.08499357,72.81713751,119.0254653,98.09166022,81.32953379,87.62157868,68.18445128,87.15791095,92.39548937,81.70637734,85.96608961,69.73874794,80.70558949,72.55357093,91.73612003,97.80686766,79.15389058,68.84452892,81.415273,101.2612451,81.81302172,74.37986529,87.17504121,91.67975307,74.81703474,74.73792481,131.8649415,169.1194511,177.4006342,195.8067389,245.8875721,191.2934334,211.041118,207.5963496,188.9387516,148.270345,135.9169791,149.53645,195.9328681,199.5208332,204.6417371,145.5653224,156.4418253,166.0009943,138.6497494,196.7700159,118.8244234,170.4904897,71.54758624,83.94057296,110.3025335,69.9416887,94.22171513,105.7148925,106.4155976,99.40408306,110.38978,103.3690242,125.4674843,87.40556341,106.3606175,82.32585073,116.1591298,111.5039369,94.64991019,132.3976683,133.0038976,117.1287108
Citraconic acid,20.02422096,13.32469251,18.45518082,12.11412071,21.84137053,16.7974784,12.8639334,11.28753571,8.087257385,6.540463013,9.15465978,11.73642373,8.166755668,12.53542612,11.24967883,8.380451993,9.918880547,5.412385218,9.339183627,4.185504789,8.725410409,12.95836057,7.304888308,13.717091,9.387342346,6.035508691,7.285206276,4.349120528,4.807035089,6.415400427,8.787271489,6.286648657,9.104160945,9.256208667,9.481495141,12.94908183,5.992881309,8.353614061,9.100668941,9.091268939,10.47175372,26.72284972,27.92233694,22.86672566,20.55595507,22.60317177,18.58509236,23.84486479,15.40460879,23.44446162,19.73164316,17.57082855,14.88105104,31.10861414,31.79573294,26.42764519,16.04032701,19.97452206,22.65508245,13.98162881,29.55761417,15.50059606,9.453241097,14.85474,13.45562615,12.05551479,10.01817706,10.87462049,19.3890725,11.29066713,7.760953223,18.60474335,19.44809869,15.33099225,15.79502697,9.906380235,23.62576558,23.98723913,13.93708874,15.93665934,7.912818846,17.46248774,17.06137284
Glutathione,4.068099731,4.338999385,3.032959981,2.655215542,3.476752859,2.386849278,2.243204032,1.619334618,2.877739659,4.429426689,2.5986919,1.890217278,4.939421325,2.614041639,2.25273423,2.286765305,2.905909007,11.19810697,3.295698106,4.898853796,2.939095595,2.51796482,5.466538406,2.845739305,2.896654573,4.77997894,2.396148308,5.573476977,3.175813298,3.857581116,3.521377978,3.506088093,2.858316078,3.126349972,2.715162516,2.596728836,2.494776094,2.878938428,2.569904556,1.908060666,1.793482954,11.46763942,13.35798896,10.44608168,13.99822661,7.814555699,9.786316734,8.586447029,10.17188552,6.702075041,14.01106651,11.58044785,8.870798116,9.963065598,9.192405288,5.39100161,3.775695362,5.110041517,7.896087461,6.473396736,10.24171989,4.508661667,12.20977647,3.545443037,4.220345607,6.505874042,2.466350779,4.630815398,10.69588009,10.92348083,9.297776277,6.554223205,4.977305516,6.821035523,2.980578797,4.742203601,4.729549291,6.18286022,3.941693094,3.394882603,4.097116479,4.618347096,2.778368901
Myristic acid (C14_0),1.639040009,4.804926245,2.407816272,2.056316739,1.858226253,2.516593074,1.860553776,4.42102152,2.714368018,4.315221929,1.664410425,1.405202888,3.022969942,1.461326588,4.708224994,2.231525919,1.595263174,8.038162552,1.781699374,3.016586281,1.373719712,0.962469444,4.605350859,1.670842193,1.489143354,3.711796095,1.766161713,3.515665032,2.487479897,2.196411258,2.607695628,2.661534276,2.166903931,2.582150357,2.73861846,1.449602346,2.83245527,2.266114807,3.975993077,2.757763642,4.012791153,0.436640689,0.382676133,0.587465346,0.437897888,0.886168502,0.577657727,0.390305553,0.921149341,1.01075125,0.80956136,0.660156441,0.617397108,0.717168475,0.489046466,0.449771723,0.442616904,0.609841553,0.788053731,0.764619238,0.612033553,0.769203039,1.847273525,0.311512933,0.925544825,0.581072813,0.533824806,0.883087523,0.863578228,2.528374528,2.911508856,0.676542093,0.912890074,0.668729367,1.545607935,0.643562199,1.265423381,1.691213418,3.990744408,2.028339122,2.438901091,1.809933896,1.605233263
Glutamic acid,61.21465869,54.383483,46.43976956,40.20218822,52.15151763,39.56068928,40.55530948,56.25660004,44.51045109,61.95697036,47.55183379,39.94311056,70.47188799,47.90584726,50.77332981,46.18668343,65.79675791,85.27729396,54.53434172,45.23635077,47.51974264,45.19622139,81.64187137,46.53606957,46.97181118,52.98604607,50.60214293,50.83967891,47.825206,59.50069376,48.94571927,51.92615154,40.92137109,52.95824122,44.50710344,41.45395865,43.53991197,52.17853468,47.00762247,44.64114405,43.29131599,44.03939115,67.16292007,78.97999332,116.9129121,100.8540371,110.8650358,78.27871142,105.006009,69.38543064,89.38197766,92.58292022,80.85832379,85.48045623,84.21466183,75.51639314,81.15086105,80.9496505,96.95138578,81.14422637,121.6261969,80.17701368,154.1262662,45.48807315,89.68046587,132.9592671,53.08932221,80.74628052,47.95689157,91.62176641,85.67860417,55.75943061,51.78462879,81.08251424,58.00487145,72.3738445,46.30204922,64.29044951,64.79417221,66.59696978,71.11664389,57.11042843,45.15428558
Isoleucine,16.34001716,17.81770447,15.69788201,13.76922747,16.07154069,15.16474426,15.08307522,14.68421202,13.7382709,15.90630533,15.02827121,14.85731089,17.2829015,14.01989678,15.32725763,15.35181493,15.25009406,22.87961875,16.1981964,16.60849117,16.59988597,12.45079892,14.88410317,15.43715481,14.10446863,14.29345911,12.87802362,15.87419439,14.1906911,17.34656627,16.25884744,12.57078838,11.2283674,12.9611788,16.20436927,13.31444349,14.03732756,15.54810931,15.9651837,12.00310626,13.13021795,17.84369869,21.81807907,22.85624193,26.62318838,29.85283047,24.80712326,24.40055588,24.76177854,23.15340777,23.17374203,24.22401968,23.90999061,23.90193397,25.09818474,25.39085985,22.38866369,20.62104802,23.15208193,21.81010207,32.58961961,19.87216615,32.84806605,11.10363773,15.5704842,17.38204472,13.94177708,16.97990551,16.56818613,20.02821291,19.16209562,15.66780095,16.18642093,16.29197698,16.65167387,15.2757224,15.36445725,17.75065546,18.78971316,16.91253838,18.84406636,18.18386082,18.02891413
Palmitic acid (C16_0),7.73999173,15.92081127,9.770327953,10.0645376,5.492038525,10.65283203,8.780128377,13.36940291,10.90019391,20.6507206,7.831762113,7.186818428,12.83544829,6.265054512,12.20223788,8.807784658,7.579508742,41.81705643,8.217549466,16.19465332,7.462376508,5.671140425,21.65831515,4.526076106,6.589263397,19.46752143,11.20712995,14.95447875,14.33072059,11.2022707,12.62899345,10.00897625,9.18959673,12.71674091,12.35176431,5.612583629,13.64551027,11.19841753,23.89924546,14.88345201,22.52197857,1.375127083,1.285466327,2.188995883,1.47939535,2.545173551,2.030271846,1.400168909,4.137877812,3.456754327,3.056609696,3.108814027,2.678241724,2.681210685,1.994227825,1.479396964,1.374994116,2.125484322,3.438906293,3.185163257,2.326962761,2.565609918,7.926174098,1.082698258,3.39970139,1.997738016,1.800256557,3.754131633,3.729931278,12.78814079,16.48354616,2.562808918,4.072913278,3.052767876,8.513502075,3.19840512,4.598933624,6.935294819,15.61354541,9.356616199,14.16383608,8.272813795,7.084767491
Lactic acid,2.463338474,2.230027836,1.947937247,1.746287386,0.789894335,1.173305405,1.683728245,3.11329915,1.817771997,4.271255032,1.40245512,3.164381369,2.37746729,1.399514403,2.113770846,1.545278438,2.057485273,7.827570476,1.708905174,3.455975987,1.488898881,1.310083864,4.861939069,1.319607708,1.459663767,3.758189907,1.523014444,2.3639596,2.268366993,1.898718387,1.693485285,1.390230931,1.34396655,2.094315147,1.992077244,1.221572838,2.681775049,2.094894922,4.023074292,2.261467385,3.977553974,3.367232194,2.756173147,3.755474974,3.245482698,4.680509499,3.264455159,4.222924995,3.716691222,3.317143066,8.151828753,4.528201317,5.066275044,4.588806509,4.436130772,5.393086627,7.054699531,5.456575059,4.368495863,4.132036772,8.040570366,9.714023794,8.028461619,2.692332387,5.866786336,1.911839869,4.842478528,5.177053152,2.901513316,7.138995917,10.52124873,3.275686855,2.72106017,1.692818106,5.607754438,1.861862449,2.531584808,2.744764313,6.364589811,4.632615822,4.219809459,2.760078729,4.557660296
Threonine,51.61732648,54.68935646,65.19790614,60.96565466,105.6200622,69.40924251,61.16438742,57.0712286,39.55849988,29.28711934,53.57132891,53.26342444,46.22125594,54.59928337,51.74890932,42.82729927,39.97050283,17.41475752,52.29503191,14.46680248,48.64713981,52.35203552,15.6359994,64.54876342,55.34831156,14.99194729,25.53924974,23.90705436,22.16741671,31.73911739,54.90776462,44.91470766,20.7850816,13.0279923,14.82025666,15.56777594,7.143145719,11.06991641,5.059171143,9.448258224,5.58927893,42.12316097,63.25952667,74.76601867,118.0361444,103.656999,116.837358,96.60324559,143.2117719,93.95693521,36.960145,73.85586422,60.80574807,82.32530561,113.8509438,117.8653521,93.30124215,96.65366252,88.08832538,64.6869439,99.00294444,65.44512502,72.59745662,63.33644586,80.69777159,102.5274015,58.64965833,74.70372809,33.75916143,39.34589841,32.892849,63.52673362,43.51921685,108.8087812,41.15843051,74.37188933,50.08214288,62.79587103,30.81798337,26.97346559,28.78690894,52.21890557,44.97944865
Margaric acid (C17_0),0.607394617,1.15542512,0.65253786,0.512756305,0.384564883,0.710795946,0.386472607,0.789049893,0.495372751,0.846442168,0.400472109,0.421879063,0.767631222,0.528574026,0.87431452,0.642374727,0.42443962,2.426055737,0.650303155,1.353105506,0.372338881,0.367055783,1.30518804,0.252248347,0.435633458,1.116728311,1.133528693,0.972329677,0.986293646,0.692350384,0.981123268,0.49872217,0.519711241,0.7277716,0.594231253,0.367570231,0.776568937,0.764972441,1.237742651,0.801955656,1.026568328,0.126533868,0.119239676,0.178825962,0.147647939,0.321963914,0.159943012,0.16465181,0.307451626,0.302298843,0.238532785,0.230977338,0.297231945,0.307006538,0.263027866,0.227403334,0.167504651,0.186971559,0.391498362,0.31268085,0.196610002,0.192655962,0.577909417,0.170346511,0.212506573,0.204083247,0.67537166,0.512441967,0.22229381,0.719512795,0.912171148,0.299220565,0.27517468,0.229975207,0.448436423,0.212523526,0.245735004,0.328971619,0.947205478,0.586401509,0.737271474,0.556130849,0.367549182
Ornithine,18.19844885,6.454780639,21.3325082,13.54266241,40.98888532,35.03123447,22.0342907,19.82921898,7.404738292,3.301512019,17.55095257,21.67291315,6.640202987,18.85326209,14.67643277,18.99375857,12.4850361,3.456236895,18.3318069,2.596992199,19.73158895,16.38451812,3.028914283,20.47668741,14.68297626,3.804583718,10.38618038,2.250471022,2.832259638,4.511477221,8.742973548,5.725941821,6.734597481,3.059786414,6.073921245,10.82098361,3.397430489,7.21886567,2.349219842,4.844453152,1.968827542,32.71090106,52.45739194,59.29605648,68.29542271,40.9301508,70.11131259,68.59302648,103.029544,77.24034238,12.53036094,35.16166473,42.45594021,70.50120785,72.06973292,69.03749217,34.32303848,34.4305812,38.98439791,31.2650772,39.40923014,23.83267214,8.805601683,16.60255026,13.84540234,14.86248164,11.77941524,10.86233295,22.02640449,7.647195404,3.820028764,20.23618755,21.21221326,38.74276794,18.08919555,30.84290261,15.51337276,29.35905231,7.70217012,11.17140112,4.117211156,31.06678471,25.77405819
2-Methyloctadecanoic acid,2.954611997,2.724050316,2.126230316,1.954623123,1.895259428,2.034977037,2.182454793,2.93308187,3.58482884,8.39644171,2.800842944,2.490962144,4.86209916,2.81834723,3.872044076,3.349317962,5.256515122,21.1982221,3.747776657,8.089806151,3.074278494,2.801247828,12.85925138,2.800338159,2.880734107,10.49786694,3.866443606,8.011170214,5.93047706,5.089345522,4.041897539,4.119777045,3.707054427,5.789667624,4.246447956,2.88685777,5.07030266,4.688577169,10.58388711,6.140613873,9.755780588,0.892824965,1.197707628,1.478050524,1.5259527,1.245483358,1.476283234,1.389632358,2.824600367,1.550382149,1.786832923,2.232922139,2.379468703,2.941978583,4.135249893,3.601804001,2.817386225,1.385367591,1.327144645,1.013887369,1.378809916,1.635178063,1.226477656,0.47317215,0.911778454,0.81351569,0.841236379,1.193565019,1.10806538,2.852750297,3.612295738,0.951874306,0.999970259,1.264408391,2.346779005,1.372977159,1.506899822,1.939698246,4.22279688,3.029128177,3.120322454,2.271424165,1.988609148
Nicotinamide,4.599723497,4.249401849,3.385948226,2.890559976,3.616282561,3.010436374,3.650044973,4.861052697,6.095552695,13.35724755,4.184422665,3.673592164,7.412312257,3.848056633,5.980473157,4.502340918,6.934813537,39.7099473,4.696133875,12.73289616,4.203947633,3.777581547,20.66514132,4.329041436,3.700339688,14.74737427,4.816160239,11.00612834,8.139446451,6.347064275,4.742998742,4.788290015,4.510680508,8.05541473,6.187694124,3.502995951,6.652874276,5.574194862,15.53756164,8.363627605,13.33436598,1.181064887,0.955987773,1.146086061,1.197661283,1.488567091,1.057860726,1.072719391,1.193658308,1.152216542,2.631470886,1.607201864,1.243582419,1.134565663,1.221149379,1.256968372,2.065156787,1.746812711,1.339940891,1.502002845,1.980098869,2.991410778,3.288742685,0.778544003,1.850096339,1.658587486,1.252711926,1.622144768,2.201836523,6.723668428,8.059417668,2.420504625,2.622640482,2.416774778,5.468125009,2.291932896,2.634732282,3.590535928,8.165343848,5.251600463,5.095916471,3.163023477,3.817558326
Proline,547.7344935,539.1276878,422.898461,371.8999125,442.0532348,391.2307947,446.9238105,504.9116422,433.1990335,681.9262964,397.7187688,372.4995771,633.6677032,377.0254092,442.4465686,435.3614794,453.6308909,1057.399136,516.8575592,583.1467829,407.1175017,362.9109004,694.3982164,424.1512737,385.3498164,657.9452025,404.2163624,674.3613443,517.7646884,536.586411,522.5950527,455.7296584,343.03277,515.792771,478.44387,402.0305987,487.218956,481.1868164,482.3720295,392.9424149,450.7639973,504.71186,626.2530407,703.5020315,795.2735073,927.4979424,742.6293102,700.3738596,663.555891,578.8965335,806.6451539,759.7905704,716.7778735,688.205,706.6335543,714.9509612,662.8104346,673.9271551,634.7318999,723.2860622,1057.698773,620.9850035,1321.551733,341.9933439,599.0186103,594.7562097,408.5077208,677.0530995,453.5996527,796.9653785,760.4541051,460.7448791,468.584417,473.2937202,467.7827108,473.7514598,438.8600921,515.4715885,664.5150212,542.326276,662.6062904,501.1810191,452.5584172
Heptadecane,4.613622238,4.692360483,3.117208733,2.489216093,3.762370475,2.787069113,3.290731817,4.520107997,5.273953762,11.92068626,3.493805816,4.114020568,7.626978501,3.717793062,5.457290236,4.813315411,5.891866919,39.78436442,4.492272276,12.24070289,3.838735178,3.468976105,18.07809604,3.915084343,3.408436976,13.34232429,4.582164237,10.38451706,7.459814916,6.212801094,4.738941604,4.72247031,4.282242536,7.480992571,5.193241885,3.886071349,6.090052646,4.88395153,13.28144301,7.136350176,11.24760566,1.197944729,0.549475454,0.85904314,0.877245755,1.26614755,0.781089886,0.925936017,0.68929678,1.188177652,2.64800825,1.544385195,1.167657595,1.00609832,1.083883952,1.080283734,1.589997003,1.359205285,1.080860289,1.118541272,1.468062114,1.857786668,2.128727116,0.575852132,1.303543958,1.351613889,0.971747595,1.172087063,2.490704471,6.756987681,8.444463813,2.369112168,2.626908801,2.724807405,5.065574579,2.561672206,2.814723336,2.807076756,7.461575821,4.725932994,4.66749441,3.063822477,3.17975658
Lysine,1.045204952,0.385976156,1.57885374,1.033403022,3.275758545,3.165497707,1.678750832,1.347472735,0.394455592,0.18685435,1.046268644,1.761430715,0.415242326,1.331233653,1.002721559,1.503942235,0.652914295,0.457848563,1.221203276,0.175130801,1.417959192,1.299424883,0.27544649,1.318319847,1.014429315,0.231939448,0.593875485,0.264281773,0.169886941,0.30616166,0.662839229,0.365697752,0.493689211,0.248222723,0.497910498,0.731320918,0.23198482,0.428453739,0.247593111,0.198089062,0.181010173,3.124219201,4.527954513,5.077322522,6.283164297,4.633018065,6.123623942,7.13171429,15.64694344,7.893343819,0.517953866,1.291243997,2.03081025,6.63765304,6.434365586,10.96548072,4.343103115,2.936627122,2.724864813,2.085065527,2.80576622,1.472041066,0.573133989,1.462115448,0.708903495,0.947154677,0.614393363,0.650156833,1.310431821,0.364739488,0.231617339,1.896549831,1.675136923,3.360314489,1.338731656,2.688099944,1.108257805,2.232044017,0.169289683,0.464192151,0.208969188,2.096834369,1.438527005
Dodecanoic acid (C12_0),0.763408597,5.068616791,1.493562619,2.819753308,2.663303921,2.734819416,2.420548465,4.571814013,4.400068642,7.377149095,3.678135097,2.592813916,3.82830285,0.888686598,1.047750966,0.950611879,1.358524971,7.054790752,1.097863702,1.287721345,1.1707332,0.540901603,1.827930883,1.58183159,1.138078488,1.465592403,1.056083954,2.030420608,1.184085961,1.669184321,1.619592125,3.028636139,1.538142628,1.504536876,2.717789307,1.411853956,2.331959859,1.738115717,1.742504056,1.732486924,2.37740811,0.522803288,0.434633716,1.201444988,0.637475102,1.32671829,0.517407746,0.489398403,2.253489354,0.78641674,0.609905613,0.790494092,1.466545182,0.498089012,0.654575824,0.54635277,0.567015109,0.568254088,0.741348564,0.977675498,0.646854286,0.55225702,1.911289543,0.464441413,0.761567804,0.788281808,0.433542916,1.282801142,0.901003288,1.961978191,2.913984202,0.626462095,0.964732048,0.574122342,1.223598526,0.518736104,2.577354165,2.545118106,2.071035906,1.11787786,4.601592415,2.925649511,2.944136149
Stearic acid (C18_0),14.6236654,19.08026994,13.29700954,13.14562632,6.786281775,13.82113592,11.98133684,20.98922789,17.19772697,40.32312811,12.886233,10.82276396,22.97024494,11.4906121,18.16362138,16.94163909,11.92682464,83.5206796,13.27693961,28.88128765,11.47594797,9.119580586,54.5186652,7.86238138,10.87959401,48.11159174,17.94024253,34.35970529,27.28640154,26.11240629,20.44485676,18.85299546,16.54044224,25.19891917,24.40707733,11.37224052,27.31087173,21.24682772,57.3046902,29.27318907,48.06683557,4.436073378,3.669318341,4.906104913,5.127802424,9.092025081,6.387244058,4.507652837,10.16422892,7.378422593,7.743052143,9.084243019,6.888598305,6.36157189,6.159033332,5.726540879,4.759817178,6.329147793,7.755258961,6.314455718,6.62778341,7.504875937,21.6840985,3.658506984,10.45744032,5.376928929,4.867986109,11.76352364,9.7727023,30.64250814,38.68004024,7.394904049,16.26625532,9.161979504,22.98531992,11.80093742,11.44548602,18.89754337,45.77971091,24.06147034,35.51197601,19.78287634,16.32401967
Glycine,709.7966104,741.4541095,559.4741163,465.4005528,572.6173007,560.1698685,639.0067019,694.1463635,759.3137435,943.5141294,634.3121606,566.1514138,842.989456,568.0228975,736.1971059,673.6190423,878.3689843,1102.777544,725.5720445,744.8537653,649.6353426,523.1999288,886.3883937,608.2984727,610.4778671,901.9461535,647.9397863,778.3093876,759.4650596,779.4500078,698.1842146,654.2157934,572.1608629,745.4042019,765.3555291,539.1300096,712.4109368,695.3395192,762.3610479,687.7525254,837.0180936,701.4394978,705.7852791,852.3815154,838.8296353,1043.012757,747.1852215,825.3035755,833.9636646,705.4269124,1085.803664,983.3627894,859.4864591,810.7465583,784.5761711,883.628925,925.2770758,966.9109781,885.0131366,908.3070253,1252.172602,938.7586574,1346.356724,475.6639254,880.8298002,942.3628328,610.3075241,937.2143349,518.1449204,1047.065628,1058.070405,568.3969871,624.6087244,626.8842198,835.5326032,619.2150306,639.9296036,680.3867142,1069.398474,873.0482993,846.790146,677.31566,702.8088401
Serine,16.21318501,10.05596862,16.25207701,11.34781021,24.6247659,18.77719478,15.80719381,19.87062073,14.22842135,14.85279694,20.21215216,17.55930183,18.50865229,22.9338901,22.00484697,24.5064858,19.42160278,14.94603296,18.33743904,12.76717588,17.9112045,20.5344261,12.43203548,17.56941501,16.91740037,15.20727063,16.03931431,14.89082469,12.79613572,14.38670068,21.11897823,15.0099939,8.451032061,6.43532317,7.544675955,6.937786765,6.687445375,8.498196104,7.32367775,7.450710426,7.339192963,12.07745938,16.70654047,24.48889738,36.47415088,22.37554059,31.84300503,23.91356547,88.2229555,26.15362593,13.94870811,21.30248011,19.73724998,27.83727161,30.14651173,39.8398063,24.17489231,21.22756773,24.24548949,19.76641686,25.51879712,18.45818414,20.95845233,20.37728163,20.48157645,25.79774487,11.43499941,16.3255586,15.45571953,19.48948855,20.14995439,14.34573957,9.433184063,39.35795913,18.59763008,38.52603836,14.36612089,19.97523434,13.45937751,12.63949305,10.99302467,14.72508077,14.67976777
Octanoic acid (C8_0),0.984557576,2.382355122,0.858709388,1.430012658,0.927082316,1.404446493,1.169940069,1.658843491,2.32281568,4.456198857,1.74033519,1.36373295,2.440053645,0.58884006,0.795231363,0.834267825,0.987006151,3.994044148,0.622271801,1.687839825,0.742851194,0.641813813,2.446395752,0.543554181,0.6047111,1.66774427,0.718777596,1.352825246,1.089789507,0.95051892,0.712202853,0.81190425,1.370102632,2.454363832,2.087008244,1.365548075,2.298042347,1.697235964,3.803538019,2.620970302,4.288998607,0.457659489,0.499062706,0.666012694,0.52940661,0.712331879,0.487746105,0.423192036,0.652735973,0.461064127,0.724353429,0.660442386,0.561393566,0.51381874,0.484005153,0.550386345,0.811649497,0.735304749,0.618248826,0.674871171,0.940444955,1.059795719,1.637543745,0.348217023,0.982050474,0.520418371,0.548202979,0.747800885,0.376397622,1.345713097,1.723424043,0.42839913,0.850351432,0.346289617,1.522467007,0.300760009,1.5346706,1.670318808,2.640263185,1.765675264,3.116693049,1.782177656,2.226730641
Tyrosine,5.341825091,3.224003348,9.49159745,8.831938742,13.62377863,14.31493534,8.659181148,9.891707661,4.586997882,1.960675491,9.498082524,7.617364471,5.128331665,7.807165224,11.59996385,8.622156855,7.00923862,2.513594991,6.985421481,2.246751377,10.70828637,8.598442714,2.263282579,11.24787325,8.219428379,3.682832657,8.034046477,2.041820372,3.934274404,5.072870241,7.754418571,5.717841914,0.323677955,0.171648745,0.370425236,0.2790965,0.231032856,0.126195384,0.037244362,0.060460178,0.01437937,7.606488549,20.28774129,14.26018213,35.75967285,15.12616733,29.66261901,17.32759558,48.01122775,32.47391237,2.124599275,8.778771894,13.23917604,14.74714711,13.79549393,16.32006376,12.38216005,9.976900847,12.74587233,13.34279968,12.14470458,7.405857091,7.625759822,7.901850253,9.501603558,14.42614412,7.102572865,8.58725731,9.89152454,5.345351881,4.365738029,13.2817295,0.736726179,21.55536918,0.633694928,17.17365609,0.708794859,1.724855707,0.270025089,0.201395921,0.290413764,1.357420553,0.804561407
3-Hydroxybenzoic acid,0.720418576,0.722822602,0.674411633,0.511738585,0.780137363,0.624003411,0.610526281,0.821589222,0.504601582,0.758265216,0.920778624,0.447557273,1.600296556,0.967093532,0.849376348,0.517572368,0.747614909,2.033755287,0.660396707,1.00729927,0.910726852,0.603067143,0.981150772,0.857723591,0.998734835,1.029907086,0.738786075,0.888496099,0.947488092,0.845541806,1.033472737,1.212539219,0.623167151,0.707108051,0.774538683,0.687422808,1.28760496,1.056700001,0.546105263,0.549785018,0.479810877,0.591917322,0.58595452,0.818431887,1.512288891,0.825462978,1.321300246,0.930216097,1.706293558,1.209517531,1.410292755,1.182163657,1.300724214,1.206565387,1.279988589,1.155021266,0.943685346,0.67114752,1.267543261,1.300666644,1.166637147,0.694581638,2.130930038,1.191808938,0.759602718,2.493160227,0.664472771,1.025797674,1.097285521,1.234347226,1.67880392,1.141659632,0.517377238,1.213396979,0.936060633,1.061476182,1.001331957,1.346565992,0.734782813,0.701608439,0.921477984,0.581917108,0.715337608
Pyroglutamic acid,6.671478455,26.8167011,21.8802265,30.61199524,63.31377266,41.59241569,18.48517817,7.939967586,8.27098535,8.100737034,10.55545653,8.257361373,8.907674182,15.94530582,9.108789781,10.83361155,8.972247698,17.06488821,10.89236642,10.2164372,12.33010882,8.613665102,10.9186188,13.62352573,14.56401324,10.66241914,8.817658219,10.73743802,9.538286767,17.47071473,20.46474607,16.89050164,14.96947533,10.43248791,11.68767111,19.79552268,14.74073941,18.43266056,9.329596259,6.140452833,6.39062601,19.74825109,36.77846529,30.04746678,23.86545288,48.29248339,18.30987027,42.99413625,36.24619701,51.83817722,8.356927098,26.67640937,36.35280508,49.06851459,50.96250575,38.56530894,10.56517435,11.39740957,53.93448024,35.21644542,23.57936311,7.491791274,20.68504694,13.8862533,11.08906478,7.01371673,8.699223954,16.57135991,21.01587251,11.14187302,9.787114984,27.83068595,26.55042201,12.07645055,7.99908766,9.041196554,25.06213666,37.3575111,8.84369986,7.893666889,16.71513055,33.59006377,11.86976772
1-Aminocyclopropane-1-carboxylic acid,15.70517652,8.713002441,9.460645969,5.99372022,9.150410326,7.137193725,5.477863464,5.57010467,5.669810653,4.436379017,5.390811245,5.685361392,6.562465948,5.981398925,4.615630432,3.510350481,5.47289336,2.700307039,4.551991107,2.010945305,5.02762306,7.551275067,4.328863912,7.762313493,5.147957218,2.998335172,3.257955536,2.866679381,2.765294864,3.431738534,4.370294578,3.206526847,3.448920843,4.205794659,3.5696656,5.846787177,2.766970723,3.880642152,2.740770211,3.023979807,2.681187538,7.7048993,9.569029255,8.777271719,5.634957345,8.134682855,3.039232822,8.59206868,2.358437526,6.044148599,9.546954177,8.686663938,8.17262013,10.80458075,10.8180553,4.938207716,3.654394679,7.403383558,9.031071495,6.431991864,8.023187926,5.487235829,5.146014458,3.885015002,7.339139273,4.477929631,4.818178245,5.963324542,7.737068518,7.032544309,5.914388205,9.245665616,8.301300742,4.163354611,5.746408629,2.217660058,9.350116468,9.200056818,6.910066415,6.794228315,4.093764336,5.713276756,6.774186429
Methionine,0.403502423,0.378285809,0.436746542,0.365207648,0.593387831,0.523029185,0.258965651,0.3698137,0.324388705,0.322868874,0.44415158,0.318126625,0.424125818,0.581811389,0.30342336,0.303778973,0.356367165,0.50652179,0.466859895,0.360971937,0.420157028,0.334865563,0.354131036,0.31443749,0.465858661,0.303911297,0.312054097,0.443260454,0.374703196,0.521221071,0.516569553,0.404684923,0.349628175,0.372211664,0.418761242,0.402000552,0.444763925,0.397157409,0.342274035,0.308978233,0.307217797,0.501184249,0.460814939,0.590856106,4.507385084,0.69788888,6.321853456,0.539484334,5.610454889,0.588624993,0.616364787,0.554492607,0.507372728,0.501562912,0.611671725,0.661211331,0.51425254,0.535071146,0.60206678,0.465649302,0.765776865,0.294850977,0.529586174,0.476347073,0.317528316,5.422709054,0.312565053,0.560915661,0.757283614,0.456930097,0.502320424,0.376414203,0.48819228,4.277559191,0.40091979,3.04606281,0.449953953,0.634422597,0.433291252,0.410705425,0.553880843,0.560043659,0.338417605
NADP_NADPH,0.241073168,0.051238186,0.053356273,0.039972254,0.046071677,0.050641824,0.042223774,0.102325316,0.263003947,3.293810368,0.744984231,0.35599299,2.952119813,0.699860756,0.646369419,0.468033554,0.427103769,5.30715798,0.726713052,1.802166515,0.382254335,0.098368812,2.832239044,0.075009828,0.073715882,0.409312747,0.072627853,0.055743119,0.034309927,0.024870342,0.017967104,0.025227836,0.041972334,0.116187189,0.053683129,0.030991806,0.063686167,0.050518904,0.076383408,0.044379474,0.131710638,0.02586401,0.04387935,0.034404439,0.046137356,0.034943336,0.021169948,0.03511644,0.02329092,0.045983509,0.042055014,0.045340176,0.057066035,0.082117642,0.08197224,0.070146079,0.048315517,0.053890656,0.032032113,0.01742663,0.022864978,0.031365192,0.03848061,0.015254353,0.034580133,0.01248531,0.039833007,0.023323106,0.01387025,0.033147185,0.043320674,0.027909242,0.047887958,0.031621073,0.04705523,0.052506512,0.047440155,0.039414013,0.067254905,0.045762875,0.120397614,0.064464969,0.027741604
Levulinic acid,0.46245236,0.410742919,0.337157263,0.313071179,0.470063855,0.304397781,0.347838016,0.435172917,0.405016644,0.69194269,0.421795034,0.286544542,0.546879293,0.339684358,0.359404577,0.35531785,0.499204666,1.754750496,0.400352739,0.727903757,0.374875,0.325945898,1.063852638,0.329588718,0.284266572,0.898572281,0.283298348,0.514044882,0.382475984,0.448162325,0.389994823,0.522330979,0.363931069,0.757654937,0.66021792,0.380521702,0.515136166,0.51958769,1.246586127,0.626946722,1.030360288,0.551635642,0.461026104,0.613338197,0.517040783,0.709131427,0.440325787,0.439247732,0.503025032,0.531005064,0.943596272,0.727859581,0.760953766,0.669806166,0.782535591,0.697523541,0.811108521,0.605383766,0.840728844,0.69048905,0.937064301,0.841664315,1.437170302,0.393579446,0.690105965,0.55096072,0.419608201,0.869103756,0.299586564,1.018732218,1.531740287,0.561955194,0.580517325,0.438825744,0.926892872,0.428113314,0.629017515,0.716881335,1.003050655,0.890091565,0.795162416,0.610572127,0.708088091
Citramalic acid,0.473967627,0.614020804,0.490878446,0.440781526,0.651901714,0.357718644,0.418606775,0.487818268,0.544933315,1.107797086,0.508181827,0.340297393,1.045112002,0.492413364,0.481784246,0.482295964,0.50266206,2.259395908,0.589800061,0.694704629,0.48029046,0.321679119,0.931310001,0.437161495,0.592625619,0.785620301,0.34762709,0.931434421,0.59527318,0.827137634,0.622246429,0.511316188,0.416083549,0.669614245,0.716113585,0.465846452,0.650751409,0.742456707,0.742939242,0.534682227,0.586762012,0.34329613,0.751874254,0.716115851,1.410782308,0.825494692,1.082713752,0.678524,1.185630359,0.707318404,0.608742023,1.037253438,1.112978936,0.777310882,0.890859483,0.688587466,0.639168453,0.584063801,0.924834361,0.864964055,0.78808918,0.442850572,2.74959593,0.472911495,0.840900756,2.357287441,0.343114762,0.973568051,0.518810005,1.185782745,1.489987474,0.6044956,0.490248834,1.050587196,0.58910663,0.72088708,0.577755573,0.673929457,0.640268927,0.537375687,0.964885395,0.624905068,0.441639039
Quinic acid,22.4380728,34.17529199,27.03531247,22.55172032,31.51245194,25.22048367,22.27811924,30.20153743,48.22986378,40.6757069,26.69460277,33.30355057,47.93733608,25.93450342,43.80035559,38.18990783,51.36030255,311.2044506,46.29117999,112.7707202,38.97443325,22.00841754,85.47974805,32.17221229,30.09410169,100.8235388,27.48096692,82.82928522,53.65226335,40.83358228,36.39575201,38.04203518,22.9379037,41.56213875,25.57703585,19.44590361,27.91870155,21.7276359,68.14681167,33.06147142,57.75584435,21.1052665,15.54464508,21.32273793,32.21283836,33.70775806,20.84136548,19.07590226,26.23430718,19.02626424,38.08690344,34.86096781,30.17790455,17.16500938,25.74858255,23.94867412,29.92774868,21.18424472,18.94987503,22.44422517,29.76991922,35.26470636,58.85182578,11.34931355,36.3219262,23.35178127,20.24169043,27.57867726,18.29261611,71.89091115,69.48901912,16.68800556,18.02725143,24.65409116,34.21795838,24.89202671,16.03177946,18.61567678,63.66900219,26.15556037,21.06372139,17.13133939,22.38885857
Cysteine,0.291020233,1.599326981,2.00273784,0.458139404,0.565551525,2.336938816,0.148373544,1.278279826,2.773301492,0.420375145,1.323133556,2.124942594,0.442509928,0.45308485,0.952022489,0.235645064,2.831292834,1.134282569,2.003459967,3.01398039,1.670291144,0.509705453,0.351183075,0.405338123,1.056292087,0.686905758,0.274552714,1.118921352,0.719645398,0.625963051,0.75937798,0.820206336,0.438409469,0.523319281,0.690897539,0.278510482,0.212809552,0.405800427,0.322852307,0.137397826,0.128633989,1.022618337,0.596595306,0.584906982,1.015427826,0.202815119,0.180527389,0.259781089,1.439514483,0.188241314,0.17094761,2.052438329,2.888184791,0.753792235,0.925122495,0.43404078,0.143562119,0.153242146,0.493772133,0.436250943,0.130002305,0.147082677,0.357388726,0.103721395,0.325208304,0.224401591,0.093161179,0.416663257,0.435238716,2.881826352,1.774388038,0.271538155,0.168261036,0.274858066,0.354611718,0.263190539,0.243503765,0.355912334,0.335182435,0.278658692,0.26286483,0.191103156,0.097671927
Decanoic acid (C10_0),0.304920508,0.83178384,0.206814405,0.32737178,0.160828755,0.277006549,0.13120531,0.211758678,0.561965996,1.145799173,0.523701885,0.374426973,0.633333875,0.187772063,0.227939138,0.257233194,0.241875412,1.340433885,0.176418847,0.492933066,0.159082841,0.079488835,0.392100484,0.104000174,0.125743935,0.431653432,0.167397027,0.273838706,0.29786886,0.352757932,0.229238213,0.326732868,0.387534083,5.338566195,0.668373189,0.39386694,0.615406967,0.464009755,0.777227702,0.573467297,0.867492994,0.094703307,0.105866453,0.162940002,0.115644386,0.135166913,0.070653446,0.095280341,0.2100578,0.146669787,0.382333093,0.169323509,0.344589566,0.139818356,0.150553645,0.153677206,0.247435245,0.143610592,0.187544984,0.204775695,0.16978525,0.133324782,0.316267529,0.058071769,0.14865204,0.100501343,0.111968062,0.226759154,0.134811245,0.376915022,0.550165739,0.143146163,0.232521234,0.119563297,0.394211097,0.165350656,0.40037728,0.480882276,0.619027279,0.422186407,1.064192916,0.641339684,0.536329274
Pyruvic acid,1.334843905,2.189084672,2.628668243,1.668357715,2.709984609,2.575707457,2.348047787,2.827377435,2.468700697,3.536695219,4.219505774,3.038198607,3.430684895,3.025618775,3.694287318,3.173361051,2.71457466,4.031246455,2.543167425,3.468643856,2.689260421,2.759821704,3.550884009,2.998577167,2.686716884,3.674670189,2.46212902,2.199757511,2.807253194,3.515320497,3.603953197,3.122652691,4.860208712,5.862704162,6.322282794,4.230329395,5.519635605,4.89888133,6.474568333,4.255645004,5.402960827,1.954487176,2.875220711,2.639321776,15.80131744,3.530534931,18.1345364,2.6947673,19.6863959,3.796707231,2.53022606,3.213272659,2.629139767,2.608833682,3.337189664,3.652930068,2.835796845,3.025790467,3.57444955,3.312285379,3.754089568,3.323966896,3.955644287,3.16087791,3.864088941,86.73530547,2.710041262,3.783734814,2.095576064,3.565284012,3.864031116,2.313563399,3.583620289,28.17700193,4.321402496,27.56992604,4.771441605,4.494798039,6.846332191,4.940590288,7.701947459,5.835890805,5.63295638
Azelaic acid,0.395673638,0.548705751,0.510625687,0.341058453,0.379740544,0.241320535,0.366263744,1.087717436,0.373828876,0.525468932,0.705027515,0.246154028,0.809992463,0.332875821,0.404469754,0.25647866,0.417195978,1.078666747,0.265537046,0.596063155,0.379121069,0.306009338,1.143953362,0.838714168,0.350805051,0.677741488,0.400612841,0.368467952,0.435826956,0.789586028,2.151726026,1.978381615,0.385160124,0.715873864,0.535901606,1.074887555,0.474128656,0.592597947,0.560928383,0.527036307,0.46243208,0.228729705,0.147523019,0.261663205,0.610621477,1.676082938,0.432735253,0.186703215,0.440317329,0.774883412,0.499020508,0.442425738,0.640851409,0.24834058,0.543350937,0.459687093,0.246996066,0.305576036,0.440244439,0.464133142,0.311123033,0.337343089,0.562882867,0.579366148,0.252699316,1.401354736,0.226124107,1.096011835,0.520186783,0.430121898,0.503164001,0.358280137,0.566254671,0.299568191,0.909886505,0.299905541,0.804396112,0.615052332,0.445205261,0.311601432,0.27783016,0.243894864,0.39235063
2-Oxoglutaric acid,3.011341144,3.071828051,2.226177295,1.798074657,2.192520433,1.995235897,1.770725824,3.357252676,3.010401157,4.374750925,2.974324197,1.552121306,6.973183553,2.296198785,2.998836462,2.805456139,2.679914058,10.34286672,3.490798593,4.387218166,2.642288115,2.077105155,4.78641202,2.096461434,1.747460853,5.387821274,3.11615425,6.062455273,4.819318733,5.456123783,3.759611986,2.158396001,2.837577023,3.649559585,4.109074048,1.458357879,3.151383399,3.72641225,3.066651106,2.6262753,2.54549392,1.005074051,1.803992686,3.555616661,5.867918093,2.513766305,5.12432033,2.699750536,5.526888869,2.684577059,2.215765911,5.628307431,4.904585789,4.066171543,68.66978664,2.011846943,1.663145044,2.138759017,5.269148638,5.242633039,4.341955856,1.532408942,14.89576974,1.468867137,5.755742815,11.45578572,2.279436494,7.036094044,2.238777532,7.514761524,7.573640731,2.469293605,1.765806378,4.012224243,2.166475338,3.45515418,1.739773624,3.728737183,4.430303586,3.860632319,7.03558006,3.464897712,2.064901897
Adipic acid,0.843940258,0.662958293,0.630839864,0.32441854,0.505869694,0.421196452,0.609915729,0.65519916,0.484908408,0.868822609,0.732356313,0.386642593,0.801752026,0.985618691,0.606928198,0.374002359,0.666075058,2.078312992,0.540179633,1.472885032,0.475066476,0.466775354,1.557094195,0.412763531,0.419411228,1.257829455,0.459804115,0.725030464,0.795997426,2.032507316,1.111632702,1.063324539,0.485325439,1.025202235,0.916876004,0.62157796,0.801571684,0.957833831,1.280753444,1.309996195,1.266055148,0.349982369,0.315384514,0.428333228,0.728177836,0.929722138,0.582884086,0.389541253,1.005420385,0.657887783,1.613542494,0.724629469,2.371946252,0.746705609,0.866066647,0.767324458,0.782337928,0.587679113,0.633197271,0.789739203,0.719973417,0.758414801,1.139581407,0.442950647,0.610557661,1.591988033,0.385487392,1.132690197,0.448508318,0.887000375,1.362645655,0.675249946,0.670471513,0.55992369,0.880805015,0.59590974,0.500673872,0.611873381,0.960802484,0.691504116,0.627882525,0.437987613,0.559341707
Glutaric acid,0.12112286,0.219117527,0.148676509,0.133491155,0.152633318,0.169939506,0.150934357,0.144648641,0.170275502,0.590521082,0.209193398,0.144879048,0.537160867,0.131842287,0.148484364,0.234023052,0.359429048,1.414913554,0.381286244,0.694692161,0.226723467,0.102678492,0.384116423,0.153221795,0.179334941,0.293034586,0.151160276,0.90460306,0.586855622,0.468298115,0.117751872,0.230108682,0.184530988,0.329193636,0.400297346,0.200234167,0.349382848,0.40117677,0.351296804,0.255134716,0.244506187,0.129781427,0.185172222,0.1923649,0.504426959,0.240847909,0.39367711,0.184960611,0.590238163,0.229935262,0.195239111,0.258231007,0.215948462,0.210186475,0.233351716,0.176506037,0.154480518,0.153735488,0.226303425,0.199629754,0.230842796,0.205426725,0.542594594,0.135727661,0.417193181,0.46237887,0.135832702,0.261774104,0.158360167,0.640843291,0.825964371,0.168701328,0.225329762,0.306279459,0.196248283,0.214881394,0.269495865,0.377764509,0.307143832,0.187618302,0.406293371,0.232779605,0.290571089
Pimelic acid,0.240156919,0.168679518,0.195248778,0.116259977,0.198814454,0.118244519,0.184609057,0.249854109,0.173186649,0.36767938,0.28995174,0.141020037,0.313460738,0.16414213,0.177931636,0.149775694,0.22374631,0.803890059,0.146726795,0.402553969,0.19058552,0.15853518,0.462331319,0.199794949,0.12508763,0.44745526,0.168474897,0.276580894,0.296665626,0.220025111,0.22138564,0.399284985,0.170956052,0.318632323,0.331130277,0.229400745,0.296955834,0.269837022,0.393144618,0.251643173,0.3514939,0.152385932,0.156536409,0.19063337,0.254936441,0.499664336,0.170886443,0.170545013,0.273289338,0.298919384,0.302902448,0.267828145,0.298420089,0.214165046,0.253919296,0.216295952,0.206649759,0.188428815,0.253821768,0.267762825,0.232594857,0.235110901,0.427896797,0.165215469,0.214748925,0.355128976,0.134664476,0.328562999,0.167062491,0.341238436,0.462604125,0.217462094,0.199973357,0.197776442,0.282032518,0.180124818,0.245219293,0.26598985,0.285261779,0.234991692,0.259599047,0.163978233,0.196760528
Citric acid,1.121232108,3.219528612,3.179968454,1.244434478,3.582817278,0.607508362,0.380403479,22.10387706,1.030609476,1.348116374,1.495458239,0.962442598,3.823096179,4.296375378,3.600102946,0.741491572,3.1081577,9.214751173,3.491967712,3.670968184,2.687887685,0.562451229,3.772096687,1.353989289,1.488332784,2.403654449,0.745987688,1.648567519,2.189248036,3.084189405,2.81128404,2.1315173,1.960231478,2.824206151,184.941608,13.90513272,8.036905647,1.431273758,1.755471258,1.751879458,1.3471982,0.559470099,1.316515448,2.485197007,4.380974849,4.511633446,2.696695592,1.594685967,9.271332578,0.79326264,1.784671523,0.921333734,1.415018892,1.013684717,2.863043984,2.166627864,1.734876659,3.19272981,2.353622774,0.477158613,2.44286921,0.691025484,3.706519661,0.766451298,0.892353712,7.810996606,0.733497765,3.644139459,0.908921237,4.572835249,1.917489414,2.683787711,0.869864119,1.881602656,1.787325376,0.303664685,0.432038256,139.7559427,2.05153913,0.766933548,1.520957062,0.64166824,0.462852073
Oxalic acid,8.675871483,6.405884872,4.034398966,4.335249213,2.953120563,3.702485799,4.864438072,5.755620578,11.69337017,27.18322392,5.464993291,3.974921796,15.66518801,3.924891364,6.04772812,5.012603252,9.554838677,83.6239554,6.104803602,17.92021829,5.365340045,5.139239385,43.31827769,5.096477341,4.880803286,21.86185369,8.648903632,22.65910763,14.48149287,10.28932332,5.888170549,7.439277537,2.886092529,7.117258521,4.093767646,2.468525139,8.183408594,4.819951746,9.228809703,6.067951965,9.516281576,2.020637345,3.565577822,5.230525908,35.92389856,4.561881339,32.10656677,3.428016981,20.02111385,4.630673177,11.51832244,9.25857373,8.8140961,4.226624245,4.613852126,2.351098707,4.971821432,5.669111854,7.053263005,8.094568514,12.46261832,11.76075745,25.62392358,3.793590249,12.37203456,86.43908436,8.582104364,11.12191357,6.82416534,18.1863382,25.11514352,3.93150156,3.679956261,25.93537819,5.292419641,19.941559,3.623447737,4.880514085,8.502821841,7.985289712,12.03376849,3.675194273,3.108623197
Malonic acid,1.030798207,0.873892253,0.72628425,0.766781239,0.698705834,0.580121631,0.828444785,0.99720039,1.384798466,2.606830082,0.922288313,0.713309854,1.779439203,0.6871646,0.953206899,1.011790275,1.145524136,5.854684868,1.060576422,2.071466799,0.877427111,0.780397724,3.545464963,0.683287113,0.78784043,2.60258377,0.963760024,1.678466872,1.70692397,1.360659372,0.923040854,0.912185175,0.612066146,1.30945227,1.074168469,0.642219476,1.492179722,1.032042234,1.361493172,0.867459434,1.442651529,0.520532237,0.694015179,1.061235497,2.272702277,1.008023542,2.891601397,0.692414479,2.6310039,0.751492984,1.488800661,1.0423729,1.197047075,0.75004395,0.82367238,0.77343101,1.049815446,0.8438071,1.105200318,1.18774036,1.375773207,1.185971021,2.567195991,0.636672847,1.182303524,3.13916844,0.870207615,1.21981361,1.140933762,2.241378818,2.761935795,0.67998857,0.618132861,1.586025559,1.054431448,1.28248493,0.503899698,1.072528988,1.082791912,1.236539674,1.458336757,0.69955529,0.56090079
2-Oxobutyric acid,5.123736413,7.929189023,6.265086229,6.233026342,3.91733154,6.43103012,7.104837339,6.577623534,6.889386186,9.477307831,6.729888029,6.130446702,9.729796527,6.4610992,6.378808228,5.579711296,6.379221788,24.02208233,5.036790422,10.21130023,5.659685873,6.333448507,11.79603458,6.566169367,5.844741789,9.244572738,5.809227215,11.14749357,7.938046973,8.771379607,6.85882729,7.515543703,7.885765019,11.61134309,9.653960378,7.979599022,10.88031763,9.463842263,9.411028929,6.677737379,8.044810343,2.83221659,5.1424861,4.341548051,10.36869727,5.434042907,8.897162521,4.873186078,12.38185352,5.793704631,5.273717489,7.656224447,7.349766447,5.734145018,5.963671454,4.633173111,3.79998691,4.94644425,7.142440618,7.167867495,6.941913756,4.971035976,13.02553331,5.948110451,10.19695873,20.50140955,7.076530009,11.63386837,4.786211408,10.89305577,11.77856652,5.394164305,6.625418803,11.41547104,6.879040002,8.56387826,8.81592927,10.67206253,9.953193878,7.794247412,16.46894689,9.814281685,8.726208286
Succinic acid,8.300002323,9.865712621,7.309777389,8.285074429,7.183971234,4.85023063,6.147029683,8.263871089,7.519727643,16.24454277,5.492213437,5.679089471,11.83564313,6.551484573,8.035723064,5.921756571,6.687058777,33.98853525,6.626361425,10.65120945,5.182603148,4.58027782,20.61824129,5.765820258,5.512517605,14.00173723,5.05311834,10.93630096,8.465685224,8.752963478,7.304858359,6.959643002,6.575929415,17.58687298,10.32554451,6.260232461,8.823252001,7.643420211,13.39428577,9.622289246,14.97445544,4.181533416,4.837002503,7.934116393,10.79278935,9.675165458,13.0637858,5.684243302,9.405610123,6.280053486,15.44676431,7.897826204,6.947028027,8.309724314,8.004294019,6.367833172,10.69061379,8.926542835,7.605235046,6.933335374,12.77503482,12.36482858,22.03563709,5.402803227,9.800008624,19.95053331,6.228907456,9.722229335,4.625361498,14.70150632,18.3489255,8.047289204,6.109492793,9.901065413,9.775315772,7.82934683,6.303798083,7.780559243,11.3611414,9.977597437,10.62275945,6.038159453,5.838386066
